{
  "roc_auc": 0.9002,
  "classification_report": {
    "0": {
      "precision": 0.8896713615023474,
      "recall": 0.9334975369458128,
      "f1-score": 0.9110576923076923,
      "support": 406.0
    },
    "1": {
      "precision": 0.6301369863013698,
      "recall": 0.4946236559139785,
      "f1-score": 0.5542168674698795,
      "support": 93.0
    },
    "accuracy": 0.8517034068136272,
    "macro avg": {
      "precision": 0.7599041739018586,
      "recall": 0.7140605964298956,
      "f1-score": 0.7326372798887859,
      "support": 499.0
    },
    "weighted avg": {
      "precision": 0.8413012274468545,
      "recall": 0.8517034068136272,
      "f1-score": 0.8445522880794026,
      "support": 499.0
    }
  },
  "dataset_rows": 2000,
  "high_or_critical_alerts": 355,
  "critical_alerts": 222
}